34701	Kiradech	Aphibarnrat	http://golfphotos.augusta.com/rss/photo/index.php?sort=newest&tags=KiradechAphibarnrat&output=rss	Kiradech Aphibarnrat
34621	Daniel	Berger	http://golfphotos.augusta.com/rss/photo/index.php?sort=newest&tags=DanielBerger&output=rss	Daniel Berger
34914	Wesley	Bryan	http://golfphotos.augusta.com/rss/photo/index.php?sort=newest&tags=WesleyBryan&output=rss	Wesley Bryan
1525	Angel	Cabrera	http://golfphotos.augusta.com/rss/photo/index.php?sort=newest&tags=AngelCabrera&output=rss	Angel Cabrera
34741	Rafa	Cabrera-Bello	http://golfphotos.augusta.com/rss/photo/index.php?sort=newest&tags=RafaCabrera-Bello&output=rss	Rafa Cabrera-Bello
33782	Patrick	Cantlay	http://golfphotos.augusta.com/rss/photo/index.php?sort=newest&tags=PatrickCantlay&output=rss	Patrick Cantlay
6962	Paul	Casey	http://golfphotos.augusta.com/rss/photo/index.php?sort=newest&tags=PaulCasey&output=rss	Paul Casey
31627	Kevin	Chappell	http://golfphotos.augusta.com/rss/photo/index.php?sort=newest&tags=KevinChappell&output=rss	Kevin Chappell
34916	Austin	Cook	http://golfphotos.augusta.com/rss/photo/index.php?sort=newest&tags=AustinCook&output=rss	Austin Cook
116	Fred	Couples	http://golfphotos.augusta.com/rss/photo/index.php?sort=newest&tags=FredCouples&output=rss	Fred Couples
24302	Jason	Day	http://golfphotos.augusta.com/rss/photo/index.php?sort=newest&tags=JasonDay&output=rss	Jason Day
34673	Bryson	DeChambeau	http://golfphotos.augusta.com/rss/photo/index.php?sort=newest&tags=BrysonDeChambeau&output=rss	Bryson DeChambeau
9286	Jason	Dufner	http://golfphotos.augusta.com/rss/photo/index.php?sort=newest&tags=JasonDufner&output=rss	Jason Dufner
34903	Harry	Ellis	http://golfphotos.augusta.com/rss/photo/index.php?sort=newest&tags=HarryEllis&output=rss	Harry Ellis
29461	Tony	Finau	http://golfphotos.augusta.com/rss/photo/index.php?sort=newest&tags=TonyFinau&output=rss	Tony Finau
23219	Ross	Fisher	http://golfphotos.augusta.com/rss/photo/index.php?sort=newest&tags=RossFisher&output=rss	Ross Fisher
34502	Matthew	Fitzpatrick	http://golfphotos.augusta.com/rss/photo/index.php?sort=newest&tags=MatthewFitzpatrick&output=rss	Matthew Fitzpatrick
34881	Tommy	Fleetwood	http://golfphotos.augusta.com/rss/photo/index.php?sort=newest&tags=TommyFleetwood&output=rss	Tommy Fleetwood
30601	Rickie	Fowler	http://golfphotos.augusta.com/rss/photo/index.php?sort=newest&tags=RickieFowler&output=rss	Rickie Fowler
2344	Sergio	Garcia	http://golfphotos.augusta.com/rss/photo/index.php?sort=newest&tags=SergioGarcia&output=rss	Sergio Garcia
34902	Doug	Ghim	http://golfphotos.augusta.com/rss/photo/index.php?sort=newest&tags=DougGhim&output=rss	Doug Ghim
32544	Branden	Grace	http://golfphotos.augusta.com/rss/photo/index.php?sort=newest&tags=BrandenGrace&output=rss	Branden Grace
34861	Adam	Hadwin	http://golfphotos.augusta.com/rss/photo/index.php?sort=newest&tags=AdamHadwin&output=rss	Adam Hadwin
21821	Brian	Harman	http://golfphotos.augusta.com/rss/photo/index.php?sort=newest&tags=BrianHarman&output=rss	Brian Harman
34773	Tyrrell	Hatton	http://golfphotos.augusta.com/rss/photo/index.php?sort=newest&tags=TyrrellHatton&output=rss	Tyrrell Hatton
34384	Russell	Henley	http://golfphotos.augusta.com/rss/photo/index.php?sort=newest&tags=RussellHenley&output=rss	Russell Henley
3642	Charley	Hoffman	http://golfphotos.augusta.com/rss/photo/index.php?sort=newest&tags=CharleyHoffman&output=rss	Charley Hoffman
26189	Billy	Horschel	http://golfphotos.augusta.com/rss/photo/index.php?sort=newest&tags=BillyHorschel&output=rss	Billy Horschel
32542	Yuta	Ikeda	http://golfphotos.augusta.com/rss/photo/index.php?sort=newest&tags=YutaIkeda&output=rss	Yuta Ikeda
2343	Trevor	Immelman	http://golfphotos.augusta.com/rss/photo/index.php?sort=newest&tags=TrevorImmelman&output=rss	Trevor Immelman
29801	Dustin	Johnson	http://golfphotos.augusta.com/rss/photo/index.php?sort=newest&tags=DustinJohnson&output=rss	Dustin Johnson
11981	Zach	Johnson	http://golfphotos.augusta.com/rss/photo/index.php?sort=newest&tags=ZachJohnson&output=rss	Zach Johnson
20305	Martin	Kaymer	http://golfphotos.augusta.com/rss/photo/index.php?sort=newest&tags=MartinKaymer&output=rss	Martin Kaymer
30322	Si Woo	Kim	http://golfphotos.augusta.com/rss/photo/index.php?sort=newest&tags=Si WooKim&output=rss	Si Woo Kim
33593	Kevin	Kisner	http://golfphotos.augusta.com/rss/photo/index.php?sort=newest&tags=KevinKisner&output=rss	Kevin Kisner
32481	Patton	Kizzire	http://golfphotos.augusta.com/rss/photo/index.php?sort=newest&tags=PattonKizzire&output=rss	Patton Kizzire
34564	Brooks	Koepka	http://golfphotos.augusta.com/rss/photo/index.php?sort=newest&tags=BrooksKoepka&output=rss	Brooks Koepka
215	Matt	Kuchar	http://golfphotos.augusta.com/rss/photo/index.php?sort=newest&tags=MattKuchar&output=rss	Matt Kuchar
141	Bernhard	Langer	http://golfphotos.augusta.com/rss/photo/index.php?sort=newest&tags=BernhardLanger&output=rss	Bernhard Langer
31723	Marc	Leishman	http://golfphotos.augusta.com/rss/photo/index.php?sort=newest&tags=MarcLeishman&output=rss	Marc Leishman
34913	Haotong	Li	http://golfphotos.augusta.com/rss/photo/index.php?sort=newest&tags=HaotongLi&output=rss	Haotong Li
34910	Yuxin	Lin	http://golfphotos.augusta.com/rss/photo/index.php?sort=newest&tags=YuxinLin&output=rss	Yuxin Lin
145	Sandy	Lyle	http://golfphotos.augusta.com/rss/photo/index.php?sort=newest&tags=SandyLyle&output=rss	Sandy Lyle
33590	Hideki	Matsuyama	http://golfphotos.augusta.com/rss/photo/index.php?sort=newest&tags=HidekiMatsuyama&output=rss	Hideki Matsuyama
29164	Rory	McIlroy	http://golfphotos.augusta.com/rss/photo/index.php?sort=newest&tags=RoryMcIlroy&output=rss	Rory McIlroy
149	Phil	Mickelson	http://golfphotos.augusta.com/rss/photo/index.php?sort=newest&tags=PhilMickelson&output=rss	Phil Mickelson
151	Larry	Mize	http://golfphotos.augusta.com/rss/photo/index.php?sort=newest&tags=LarryMize&output=rss	Larry Mize
17946	Francesco	Molinari	http://golfphotos.augusta.com/rss/photo/index.php?sort=newest&tags=FrancescoMolinari&output=rss	Francesco Molinari
16083	Ryan	Moore	http://golfphotos.augusta.com/rss/photo/index.php?sort=newest&tags=RyanMoore&output=rss	Ryan Moore
34911	Joaquin	Niemann	http://golfphotos.augusta.com/rss/photo/index.php?sort=newest&tags=JoaquinNiemann&output=rss	Joaquin Niemann
19973	Alexander	Noren	http://golfphotos.augusta.com/rss/photo/index.php?sort=newest&tags=AlexanderNoren&output=rss	Alexander Noren
158	Mark	O'Meara	http://golfphotos.augusta.com/rss/photo/index.php?sort=newest&tags=MarkO'Meara&output=rss	Mark O'Meara
159	Jose Maria	Olazabal	http://golfphotos.augusta.com/rss/photo/index.php?sort=newest&tags=Jose MariaOlazabal&output=rss	Jose Maria Olazabal
13636	Louis	Oosthuizen	http://golfphotos.augusta.com/rss/photo/index.php?sort=newest&tags=LouisOosthuizen&output=rss	Louis Oosthuizen
34912	Matt	Parziale	http://golfphotos.augusta.com/rss/photo/index.php?sort=newest&tags=MattParziale&output=rss	Matt Parziale
6644	Pat	Perez	http://golfphotos.augusta.com/rss/photo/index.php?sort=newest&tags=PatPerez&output=rss	Pat Perez
34799	Thomas	Pieters	http://golfphotos.augusta.com/rss/photo/index.php?sort=newest&tags=ThomasPieters&output=rss	Thomas Pieters
21685	Ted	Potter Jr	http://golfphotos.augusta.com/rss/photo/index.php?sort=newest&tags=TedPotter Jr&output=rss	Ted Potter Jr
34841	Jon	Rahm	http://golfphotos.augusta.com/rss/photo/index.php?sort=newest&tags=JonRahm&output=rss	Jon Rahm
34901	Doc	Redman	http://golfphotos.augusta.com/rss/photo/index.php?sort=newest&tags=DocRedman&output=rss	Doc Redman
34481	Patrick	Reed	http://golfphotos.augusta.com/rss/photo/index.php?sort=newest&tags=PatrickReed&output=rss	Patrick Reed
3185	Justin	Rose	http://golfphotos.augusta.com/rss/photo/index.php?sort=newest&tags=JustinRose&output=rss	Justin Rose
34915	Xander	Schauffele	http://golfphotos.augusta.com/rss/photo/index.php?sort=newest&tags=XanderSchauffele&output=rss	Xander Schauffele
13619	Charl	Schwartzel	http://golfphotos.augusta.com/rss/photo/index.php?sort=newest&tags=CharlSchwartzel&output=rss	Charl Schwartzel
5164	Adam	Scott	http://golfphotos.augusta.com/rss/photo/index.php?sort=newest&tags=AdamScott&output=rss	Adam Scott
34921	Shubhankar	Sharma	http://golfphotos.augusta.com/rss/photo/index.php?sort=newest&tags=ShubhankarSharma&output=rss	Shubhankar Sharma
25842	Webb	Simpson	http://golfphotos.augusta.com/rss/photo/index.php?sort=newest&tags=WebbSimpson&output=rss	Webb Simpson
171	Vijay	Singh	http://golfphotos.augusta.com/rss/photo/index.php?sort=newest&tags=VijaySingh&output=rss	Vijay Singh
34141	Jordan	Spieth	http://golfphotos.augusta.com/rss/photo/index.php?sort=newest&tags=JordanSpieth&output=rss	Jordan Spieth
27505	Kyle	Stanley	http://golfphotos.augusta.com/rss/photo/index.php?sort=newest&tags=KyleStanley&output=rss	Kyle Stanley
33591	Brendan	Steele	http://golfphotos.augusta.com/rss/photo/index.php?sort=newest&tags=BrendanSteele&output=rss	Brendan Steele
8421	Henrik	Stenson	http://golfphotos.augusta.com/rss/photo/index.php?sort=newest&tags=HenrikStenson&output=rss	Henrik Stenson
33161	Justin	Thomas	http://golfphotos.augusta.com/rss/photo/index.php?sort=newest&tags=JustinThomas&output=rss	Justin Thomas
18621	Jhonattan	Vegas	http://golfphotos.augusta.com/rss/photo/index.php?sort=newest&tags=JhonattanVegas&output=rss	Jhonattan Vegas
8385	Jimmy	Walker	http://golfphotos.augusta.com/rss/photo/index.php?sort=newest&tags=JimmyWalker&output=rss	Jimmy Walker
10814	Bubba	Watson	http://golfphotos.augusta.com/rss/photo/index.php?sort=newest&tags=BubbaWatson&output=rss	Bubba Watson
1209	Mike	Weir	http://golfphotos.augusta.com/rss/photo/index.php?sort=newest&tags=MikeWeir&output=rss	Mike Weir
34642	Bernd	Wiesberger	http://golfphotos.augusta.com/rss/photo/index.php?sort=newest&tags=BerndWiesberger&output=rss	Bernd Wiesberger
34570	Danny	Willett	http://golfphotos.augusta.com/rss/photo/index.php?sort=newest&tags=DannyWillett&output=rss	Danny Willett
31661	Gary	Woodland	http://golfphotos.augusta.com/rss/photo/index.php?sort=newest&tags=GaryWoodland&output=rss	Gary Woodland
184	Tiger	Woods	http://golfphotos.augusta.com/rss/photo/index.php?sort=newest&tags=TigerWoods&output=rss	Tiger Woods
185	Ian	Woosnam	http://golfphotos.augusta.com/rss/photo/index.php?sort=newest&tags=IanWoosnam&output=rss	Ian Woosnam
